Episode,Reward
1,60.24986267103974
2,222.4316894241319
3,74.34602286470563
—,119.00919165329242
